,residence_time,temperature,dppa,isoporopanol,yields
4010,0.23076923076923078,0.08333333333333333,0.050000000000000044,0.0,43.675524475524476
4011,0.23076923076923078,0.08333333333333333,0.050000000000000044,0.050000000000000044,43.47552447552447
300,0.0,0.25,0.0,0.0,47.27272727272727
510,0.0,0.4166666666666667,0.050000000000000044,0.0,44.654545454545456
100,0.0,0.08333333333333333,0.0,0.0,49.09090909090909
5,0.0,0.0,0.0,0.5,48.0
7790,1.0,1.0,1.0,0.0,167.8409362176452
7799,1.0,1.0,1.0,1.0,189.1314466071852
