residence_time,temperature,dppa,isoporopanol,scores
2,140,3,6,38.49776802
2,80,2,4,11.32727273
10,70,6,1,5.545454545
2,140,1,6,24.84968195
