residence_time,temperature,dppa,isoporopanol,scores
10.0,80.0,5.5,3.0,5.090909090909092
10.0,30.0,6.0,1.0,14.961779178272586
