temperature,ResidenceTime,eqEster,eqAmmonia,peakArea
135,6,5,16,23.35642651
30,10,2,16,17.06367672
30,4,5,8,14.02777778
140,3,2.5,5,13.68055556
110,17,3,4,22.91958682
130,7,2,14,16.8682946
35,10,4.5,5,14.00883838
55,13,4.5,8,23.42824866
105,18,2,8,24.47911681
65,20,4.5,4,21.09417806
140,20,6,16,21.58587529
140,20,2,16,11.48693378
140,20,6,4,27.58317605
135,20,6,4,30.78992492
140,20,6,5,20.98764762
30,20,6,16,15.74576256
140,2,6,4,10
140,20,2,4,15.24840233
